{
  "id": "2123918",
  "name": "淘宝",
  "font_family": "iconfont",
  "css_prefix_text": "icon-",
  "description": "",
  "glyphs": [
    {
      "icon_id": "12813997",
      "name": "收藏",
      "font_class": "shoucang1",
      "unicode": "e612",
      "unicode_decimal": 58898
    },
    {
      "icon_id": "5588404",
      "name": "收藏",
      "font_class": "shoucang",
      "unicode": "e614",
      "unicode_decimal": 58900
    },
    {
      "icon_id": "12025960",
      "name": "店铺",
      "font_class": "dianpu",
      "unicode": "e7a4",
      "unicode_decimal": 59300
    },
    {
      "icon_id": "13986807",
      "name": "客服",
      "font_class": "kefu",
      "unicode": "e600",
      "unicode_decimal": 58880
    },
    {
      "icon_id": "4550493",
      "name": "我的",
      "font_class": "wode",
      "unicode": "e613",
      "unicode_decimal": 58899
    },
    {
      "icon_id": "5206117",
      "name": "订单",
      "font_class": "icon",
      "unicode": "e611",
      "unicode_decimal": 58897
    },
    {
      "icon_id": "6255759",
      "name": "订单",
      "font_class": "dingdan",
      "unicode": "e604",
      "unicode_decimal": 58884
    },
    {
      "icon_id": "6997493",
      "name": "我 的",
      "font_class": "wodedangxuan",
      "unicode": "e608",
      "unicode_decimal": 58888
    },
    {
      "icon_id": "9626870",
      "name": "购物车",
      "font_class": "gouwuche",
      "unicode": "e86e",
      "unicode_decimal": 59502
    },
    {
      "icon_id": "11982657",
      "name": "Home, homepage, menu",
      "font_class": "Homehomepagemenu",
      "unicode": "e9ce",
      "unicode_decimal": 59854
    },
    {
      "icon_id": "11982742",
      "name": "Home, homepage, menu",
      "font_class": "Homehomepagemenu1",
      "unicode": "e9db",
      "unicode_decimal": 59867
    },
    {
      "icon_id": "14112857",
      "name": "购物车",
      "font_class": "gouwuche1",
      "unicode": "e640",
      "unicode_decimal": 58944
    }
  ]
}
